date,close,case,score,verdict
2025-06-08,105676,,,
2025-06-11,108600,flow_fuel,65,"Карта предложения: топливо: 1 уровня снято вверх, сверху свободно; уровень 103994 удержан на 2 ретестах."
2025-06-14,105360,,,
2025-06-17,104508,,,
2025-06-20,103246,,,
2025-06-23,105291,,,
2025-06-26,106914,,,
2025-06-29,108310,flow_fuel,55,"Карта предложения: топливо: 1 уровня снято вверх, сверху свободно; уровень 103994 удержан на 3 ретестах; пробой давний ("
2025-07-02,108800,,,
2025-07-05,108153,flow_fuel,49,"Карта предложения: топливо: 1 уровня снято вверх, сверху свободно; уровень 103994 удержан на 3 ретестах; пробой давний ("
2025-07-08,108873,flow_fuel,49,"Карта предложения: топливо: 1 уровня снято вверх, сверху свободно; уровень 103994 удержан на 3 ретестах; пробой давний ("
2025-07-11,117500,,,цель уже позади цены: цель 116473.4853 при цене 117500 — сигнал отыгран
2025-07-14,119816,flow_fuel,69,"Карта предложения: топливо: 2 уровня снято вверх, сверху свободно; уровень 108826 удержан на 3 ретестах; пробой давний ("
2025-07-17,119177,,,цель уже позади цены: цель 116473.4853 при цене 119176.6 — сигнал отыгран
2025-07-20,117216,,,"цена ушла от зоны входа на 13% (зона 103994.1833, цена 117216) — сигнал устарел"
2025-07-23,118714,,,"цена ушла от зоны входа на 14% (зона 103994.1833, цена 118713.5) — сигнал устарел"
2025-07-26,117889,,,"цена ушла от зоны входа на 13% (зона 103994.1833, цена 117889.2) — сигнал устарел"
2025-07-29,117897,,,"цена ушла от зоны входа на 13% (зона 103994.1833, цена 117897) — сигнал устарел"
2025-08-01,113245,flow_fuel,55,"Карта предложения: топливо: 1 уровня снято вверх, сверху свободно; уровень 103994 удержан на 3 ретестах; пробой давний ("
2025-08-04,115002,flow_spring,52,"Пружина: сжатие x1.2 на серии из 3 событий, диапазон 10.0%; опора: зона 103994, плато 17 дней; опора подтверждена одним "
2025-08-07,117420,,,цель уже позади цены: цель 116473.4853 при цене 117419.9 — сигнал отыгран
2025-08-10,119255,,,цель уже позади цены: цель 116473.4853 при цене 119255.3 — сигнал отыгран
2025-08-13,123324,,,цель уже позади цены: цель 116473.4853 при цене 123323.9 — сигнал отыгран
2025-08-16,117330,,,"цена ушла от зоны входа на 13% (зона 103994.1833, цена 117329.7) — сигнал устарел"
2025-08-19,112824,flow_fuel,55,"Карта предложения: топливо: 1 уровня снято вверх, сверху свободно; уровень 103994 удержан на 3 ретестах; пробой давний ("
2025-08-22,116898,,,"цена ушла от зоны входа на 12% (зона 103994.1833, цена 116897.5) — сигнал устарел"
2025-08-25,110064,flow_fuel,55,"Карта предложения: топливо: 1 уровня снято вверх, сверху свободно; уровень 103994 удержан на 3 ретестах; пробой давний ("
2025-08-28,112507,flow_fuel,55,"Карта предложения: топливо: 1 уровня снято вверх, сверху свободно; уровень 103994 удержан на 3 ретестах; пробой давний ("
2025-08-31,108208,flow_fuel,55,"Карта предложения: топливо: 1 уровня снято вверх, сверху свободно; уровень 103994 удержан на 3 ретестах; пробой давний ("
2025-09-03,111660,flow_fuel,55,"Карта предложения: топливо: 1 уровня снято вверх, сверху свободно; уровень 103994 удержан на 3 ретестах; пробой давний ("
2025-09-06,110135,flow_fuel,55,"Карта предложения: топливо: 1 уровня снято вверх, сверху свободно; уровень 103994 удержан на 3 ретестах; пробой давний ("
2025-09-09,111500,flow_fuel,55,"Карта предложения: топливо: 1 уровня снято вверх, сверху свободно; уровень 103994 удержан на 3 ретестах; пробой давний ("
2025-09-12,115978,flow_taker,72,Смена агрессора: агрессор сменился: доля покупок 49% → 50% при цене +6.6%; сдвиг собран неравномерно; цена перестала спо
2025-09-15,115301,flow_taker,72,Смена агрессора: агрессор сменился: доля покупок 49% → 50% при цене +3.7%; сдвиг собран неравномерно; цена перестала спо
2025-09-18,117017,,,"цена ушла от зоны входа на 13% (зона 103994.1833, цена 117017.1) — сигнал устарел"
2025-09-21,115184,flow_fuel,49,"Карта предложения: топливо: 1 уровня снято вверх, сверху свободно; уровень 103994 удержан на 3 ретестах; пробой давний ("
2025-09-24,113254,flow_fuel,49,"Карта предложения: топливо: 1 уровня снято вверх, сверху свободно; уровень 103994 удержан на 3 ретестах; пробой давний ("
2025-09-27,109577,flow_fuel,49,"Карта предложения: топливо: 1 уровня снято вверх, сверху свободно; уровень 103994 удержан на 3 ретестах; пробой давний ("
2025-09-30,113989,flow_fuel,49,"Карта предложения: топливо: 1 уровня снято вверх, сверху свободно; уровень 103994 удержан на 3 ретестах; пробой давний ("
2025-10-03,122183,flow_taker,61,Смена агрессора: агрессор сменился: доля покупок 49% → 50% при цене +5.7%; сдвиг собран неравномерно; цена перестала спо
2025-10-06,124628,flow_fuel,68,"Карта предложения: топливо: 2 уровня снято вверх, сверху свободно; уровень 118855 удержан на 5 ретестах; пробой давний ("
2025-10-09,121579,flow_taker,61,Смена агрессора: агрессор сменился: доля покупок 49% → 50% при цене +10.9%; сдвиг собран неравномерно; цена перестала сп
2025-10-12,114894,flow_churn,55,"Поглощение на уровне: поглощение на 112606: тир 3, событий 1; плато над зоной 15 дней; подтверждено масштабами [1, 3]."
2025-10-15,110699,,,
2025-10-18,107118,,,
2025-10-21,108254,,,
2025-10-24,110965,flow_spring,47,"Пружина: сжатие x1.3 на серии из 3 событий, диапазон 22.3%; опора: зона 103994, плато 17 дней; опора подтверждена одним "
2025-10-27,114064,flow_spring,60,"Пружина: сжатие x1.4 на серии из 3 событий, диапазон 21.6%; опора: зона 112715, плато 15 дней; опора выдержала 6 теста."
2025-10-30,108264,,,
2025-11-02,110495,flow_spring,55,"Пружина: сжатие x1.8 на серии из 4 событий, диапазон 19.0%; опора: зона 103994, плато 17 дней; опора подтверждена одним "
2025-11-05,103837,,,
2025-11-08,102269,,,
2025-11-11,103006,,,
2025-11-14,94545,,,
2025-11-17,92170,,,
2025-11-20,86601,,,
2025-11-23,86808,,,
2025-11-26,90438,,,
2025-11-29,90765,,,
2025-12-02,91249,,,
2025-12-05,89288,,,
2025-12-08,90611,,,
2025-12-11,92478,flow_taker,64,Смена агрессора: агрессор сменился: доля покупок 49% → 50% при цене +1.8%; сдвиг собран неравномерно; цена перестала спо
2025-12-14,88119,,,
2025-12-17,86202,,,
2025-12-20,88321,,,
2025-12-23,87463,,,
2025-12-26,87318,,,
2025-12-29,87203,flow_taker,68,Смена агрессора: агрессор сменился: доля покупок 49% → 50% при цене -0.7%; сдвиг собран неравномерно; цена перестала спо
2026-01-01,88800,flow_taker,64,Смена агрессора: агрессор сменился: доля покупок 49% → 50% при цене +0.8%; сдвиг собран неравномерно.
2026-01-04,91497,flow_taker,68,Смена агрессора: агрессор сменился: доля покупок 49% → 50% при цене +3.3%; сдвиг собран неравномерно; цена перестала спо
2026-01-07,91328,flow_taker,68,Смена агрессора: агрессор сменился: доля покупок 49% → 50% при цене +4.8%; сдвиг собран неравномерно; цена перестала спо
2026-01-10,90470,,,
2026-01-13,95375,,,
2026-01-16,95504,,,
2026-01-19,92590,,,
2026-01-22,89518,,,
2026-01-25,86629,,,
2026-01-28,89262,,,
2026-01-31,78707,,,
2026-02-03,75732,,,
2026-02-06,70544,,,
2026-02-09,70110,,,
2026-02-12,66243,,,
2026-02-15,68797,,,
2026-02-18,66423,,,
2026-02-21,67933,,,
2026-02-24,64031,,,
2026-02-27,65836,flow_taker,64,Смена агрессора: агрессор сменился: доля покупок 49% → 50% при цене -5.7%; сдвиг собран неравномерно.
2026-03-02,68802,flow_taker,68,Смена агрессора: агрессор сменился: доля покупок 49% → 50% при цене +2.0%; сдвиг собран неравномерно; под сдвигом зона 6
2026-03-05,70855,flow_taker,72,Смена агрессора: агрессор сменился: доля покупок 49% → 51% при цене +4.2%; сдвиг собран неравномерно; цена перестала спо
2026-03-08,65934,flow_taker,68,Смена агрессора: агрессор сменился: доля покупок 49% → 50% при цене +2.0%; сдвиг собран неравномерно; цена перестала спо
2026-03-11,70150,flow_taker,76,Смена агрессора: агрессор сменился: доля покупок 49% → 50% при цене +4.0%; сдвиг собран неравномерно; цена перестала спо
2026-03-14,71174,flow_taker,76,Смена агрессора: агрессор сменился: доля покупок 49% → 51% при цене +8.3%; сдвиг собран неравномерно; цена перестала спо
2026-03-17,73872,flow_taker,69,Смена агрессора: агрессор сменился: доля покупок 49% → 51% при цене +1.7%; сдвиг собран неравномерно; цена перестала спо
2026-03-20,70473,flow_taker,61,Смена агрессора: агрессор сменился: доля покупок 50% → 51% при цене +4.8%; сдвиг собран неравномерно; цена перестала спо
2026-03-23,70866,,,
2026-03-26,68788,,,
2026-03-29,65978,,,
2026-04-01,68086,,,
2026-04-04,67271,,,
2026-04-07,71890,flow_fuel,55,"Карта предложения: топливо: 1 уровня снято вверх, сверху свободно; уровень 66746.1 удержан на 4 ретестах; пробой давний "
2026-04-10,72917,flow_fuel,69,"Карта предложения: топливо: 2 уровня снято вверх, сверху свободно; уровень 68811.8 удержан на 4 ретестах; пробой давний "
2026-04-13,74385,flow_fuel,69,"Карта предложения: топливо: 2 уровня снято вверх, сверху свободно; уровень 68811.8 удержан на 4 ретестах; пробой давний "
2026-04-16,75107,flow_fuel,69,"Карта предложения: топливо: 2 уровня снято вверх, сверху свободно; уровень 68811.8 удержан на 4 ретестах; пробой давний "
2026-04-19,73758,flow_fuel,69,"Карта предложения: топливо: 2 уровня снято вверх, сверху свободно; уровень 68811.8 удержан на 4 ретестах; пробой давний "
2026-04-22,78140,,,цель уже позади цены: цель 74755.632 при цене 78139.8 — сигнал отыгран
2026-04-25,77585,,,цель уже позади цены: цель 77069.25333 при цене 77585 — сигнал отыгран
2026-04-28,76298,flow_fuel,69,"Карта предложения: топливо: 2 уровня снято вверх, сверху свободно; уровень 68811.8 удержан на 4 ретестах; пробой давний "
2026-05-01,78192,,,цель уже позади цены: цель 77069.25333 при цене 78192 — сигнал отыгран
2026-05-04,79826,,,цель уже позади цены: цель 77069.25333 при цене 79826.1 — сигнал отыгран
2026-05-07,79969,,,цель уже позади цены: цель 77069.25333 при цене 79969.4 — сигнал отыгран
2026-05-10,82178,,,цель уже позади цены: цель 77069.25333 при цене 82177.7 — сигнал отыгран
2026-05-13,79288,,,цель уже позади цены: цель 77069.25333 при цене 79288.3 — сигнал отыгран
2026-05-16,78104,,,цель уже позади цены: цель 77069.25333 при цене 78104.2 — сигнал отыгран
2026-05-19,76800,flow_fuel,69,"Карта предложения: топливо: 2 уровня снято вверх, сверху свободно; уровень 68811.8 удержан на 4 ретестах; пробой давний "
2026-05-22,75513,flow_fuel,69,"Карта предложения: топливо: 2 уровня снято вверх, сверху свободно; уровень 68811.8 удержан на 4 ретестах; пробой давний "
2026-05-25,77282,,,цель уже позади цены: цель 77069.25333 при цене 77281.5 — сигнал отыгран
2026-05-28,73591,flow_fuel,69,"Карта предложения: топливо: 2 уровня снято вверх, сверху свободно; уровень 68811.8 удержан на 4 ретестах; пробой давний "
2026-05-31,73653,flow_fuel,69,"Карта предложения: топливо: 2 уровня снято вверх, сверху свободно; уровень 68811.8 удержан на 4 ретестах; пробой давний "
2026-06-03,64118,,,
2026-06-06,60850,,,
2026-06-09,61695,,,
2026-06-12,63547,,,
2026-06-15,66286,,,
2026-06-18,62924,,,
2026-06-21,63287,flow_spring,75,"Пружина: сжатие x1.5 на серии из 6 событий, диапазон 24.0%; опора: зона 61454.4; опора выдержала 3 теста."
2026-06-24,61051,flow_taker,64,Смена агрессора: агрессор сменился: доля покупок 49% → 50% при цене -4.0%; сдвиг собран неравномерно.
2026-06-27,60000,,,
2026-06-30,58605,,,
2026-07-03,62566,,,
2026-07-06,64024,,,
2026-07-09,63197,,,
2026-07-12,63750,,,
2026-07-15,64721,flow_taker,78,Смена агрессора: агрессор сменился: доля покупок 50% → 50% при цене +5.2%; сдвиг собран неравномерно; цена перестала спо
2026-07-18,64807,,,
2026-07-21,66522,flow_fuel,87,"Карта предложения: топливо: 1 уровня снято вверх, сверху свободно; уровень 61352.3 удержан на 3 ретестах."
2026-07-24,64116,,,
2026-07-27,63721,,,
2026-07-30,64750,,,
2026-08-02,63550,,,
2026-08-05,64634,,,
2026-08-08,64928,,,
2026-08-11,63572,,,
2026-08-14,63015,,,
2026-08-17,64504,,,
2026-08-20,72999,,,цель уже позади цены: цель 68714.61333 при цене 72998.7 — сигнал отыгран
