symbol,detected,score,case,strength,horizon_days,horizon_tf,hidden,spring,churn,taker,fuel,leverage,zone_price,events,zones,zones_conf,vortex_scale,vortex_spread,collapsing,growth_x,failures,error
BTCUSDT,0,29,none,,0,,0.0,0.0,0.0,0.0,28.6,0.0,,28,2,1,10,,0,,,
ETHUSDT,0,0,none,,0,,0.0,0.0,0.0,0.0,0.0,0.0,,46,0,0,10,,0,,,
SOLUSDT,0,0,none,,0,,0.0,0.0,0.0,0.0,0.0,0.0,,41,0,0,10,,0,,,
HEIUSDT,0,0,none,,0,,0.0,0.0,0.0,0.0,0.0,0.0,,134,0,0,10,,0,,,
BLESSUSDT,0,0,none,,0,,0.0,0.0,0.0,0.0,0.0,0.0,,72,1,1,3,,0,,,
HYPEUSDT,0,0,none,,0,,0.0,0.0,0.0,0.0,0.0,0.0,,74,0,0,10,,0,,,
CYSUSDT,0,0,none,,0,,0.0,0.0,0.0,0.0,0.0,0.0,,17,0,0,3,,0,,,
ZECUSDT,0,0,none,,0,,0.0,0.0,0.0,0.0,0.0,0.0,,132,0,0,10,,0,,,
XRPUSDT,0,0,none,,0,,0.0,0.0,0.0,0.0,0.0,0.0,,51,1,1,10,,0,,,
BNBUSDT,0,0,none,,0,,0.0,0.0,0.0,0.0,0.0,0.0,,85,1,1,10,,0,,,
UBUSDT,1,46,flow_fuel,умеренный,2,дни,0.0,0.0,33.3,0.0,40.8,0.0,0.14293166666666668,79,1,1,3,,0,,,
BANKUSDT,0,0,none,,0,,0.0,0.0,0.0,0.0,0.0,0.0,,127,1,1,10,,0,,,
HOMEUSDT,1,48,flow_fuel,умеренный,2,дни,0.0,0.0,0.0,0.0,43.3,0.0,0.007253333333333334,95,3,2,10,,0,,,
DOGEUSDT,0,0,none,,0,,0.0,0.0,0.0,0.0,0.0,0.0,,59,0,0,10,,0,,,
ADAUSDT,0,0,none,,0,,0.0,0.0,0.0,0.0,0.0,0.0,,49,0,0,10,,0,,,
PUMPUSDT,0,0,none,,0,,0.0,0.0,0.0,0.0,0.0,0.0,,36,1,0,10,,0,,,
HFTUSDT,1,60,flow_fuel,умеренный,25,недели,0.0,0.0,0.0,0.0,56.0,0.0,0.011346666666666666,97,3,2,10,,0,,,
BICOUSDT,0,0,none,,0,,0.0,0.0,0.0,0.0,0.0,0.0,,114,1,0,10,,0,,,
SKYAIUSDT,0,0,none,,0,,0.0,0.0,0.0,0.0,0.0,0.0,,120,0,0,10,,0,,,
GRVTUSDT,0,0,none,,0,,0.0,0.0,0.0,0.0,0.0,0.0,,,0,0,,,0,,,
1000PEPEUSDT,0,0,none,,0,,0.0,0.0,0.0,0.0,0.0,0.0,,49,1,0,10,,0,,,
UNIUSDT,0,0,none,,0,,0.0,0.0,0.0,0.0,0.0,0.0,,70,1,0,10,,0,,,
1000RATSUSDT,0,23,none,,0,,0.0,0.0,23.2,0.0,0.0,0.0,,112,5,5,10,,0,,,
BTWUSDT,0,0,none,,0,,0.0,0.0,0.0,0.0,0.0,0.0,,4,0,0,1,,0,,,
COTIUSDT,0,0,none,,0,,0.0,0.0,0.0,0.0,0.0,0.0,,66,3,1,10,,0,,,
WLDUSDT,0,0,none,,0,,0.0,0.0,0.0,0.0,0.0,0.0,,89,0,0,10,,0,,,
ENAUSDT,0,0,none,,0,,0.0,0.0,0.0,0.0,0.0,0.0,,61,0,0,10,,0,,,
ESPORTSUSDT,0,0,none,,0,,0.0,0.0,0.0,0.0,0.0,0.0,,117,0,0,10,,0,,,
SUIUSDT,0,0,none,,0,,0.0,0.0,0.0,0.0,0.0,0.0,,41,0,0,10,,0,,,
SYNUSDT,1,48,flow_fuel,умеренный,7,неделя,0.0,0.0,0.0,0.0,43.3,0.0,0.12538666666666667,138,1,1,10,,0,,,
LINKUSDT,0,0,none,,0,,0.0,0.0,0.0,0.0,0.0,0.0,,51,0,0,10,,0,,,
NEARUSDT,0,0,none,,0,,0.0,0.0,0.0,0.0,0.0,0.0,,91,0,0,10,,0,,,
ONUSDT,0,36,none,,0,,0.0,0.0,0.0,0.0,36.1,0.0,,76,1,0,3,,0,,,
AKEUSDT,0,0,none,,0,,0.0,0.0,0.0,0.0,0.0,0.0,,96,0,0,3,,0,,,
AAVEUSDT,0,0,none,,0,,0.0,0.0,0.0,0.0,0.0,0.0,,60,1,1,10,,0,,,
AVAXUSDT,0,0,none,,0,,0.0,0.0,0.0,0.0,0.0,0.0,,54,0,0,10,,0,,,
LITEUSDT,0,0,none,,0,,0.0,0.0,0.0,0.0,0.0,0.0,,3,0,0,1,,0,,,
TAOUSDT,0,0,none,,0,,0.0,0.0,0.0,0.0,0.0,0.0,,79,0,0,10,,0,,,
LABUSDT,0,0,none,,0,,0.0,0.0,0.0,0.0,0.0,0.0,,86,0,0,3,,0,,,
ONDOUSDT,0,0,none,,0,,0.0,0.0,0.0,0.0,0.0,0.0,,76,2,2,10,,0,,,
SKRUSDT,0,0,none,,0,,0.0,0.0,0.0,0.0,0.0,0.0,,28,1,1,3,,0,,,
UAIUSDT,0,29,none,,0,,0.0,0.0,29.3,0.0,0.0,0.0,,66,4,4,3,,0,,,
GIGGLEUSDT,0,33,none,,0,,0.0,0.0,32.7,0.0,0.0,0.0,,36,2,2,3,,0,,,
VICUSDT,0,0,none,,0,,0.0,0.0,0.0,0.0,0.0,0.0,,134,1,1,10,,0,,,
LTCUSDT,0,0,none,,0,,0.0,0.0,0.0,0.0,0.0,0.0,,58,1,0,10,,0,,,
BEATUSDT,0,0,none,,0,,0.0,0.0,0.0,0.0,0.0,0.0,,58,1,0,3,,0,,,
XLMUSDT,0,0,none,,0,,0.0,0.0,0.0,0.0,0.0,0.0,,77,0,0,10,,0,,,
TRXUSDT,0,0,none,,0,,0.0,0.0,0.0,0.0,0.0,0.0,,56,3,3,10,,0,,,
DEXEUSDT,0,0,none,,0,,0.0,0.0,0.0,0.0,0.0,0.0,,161,0,0,10,,0,,,
FIDAUSDT,0,0,none,,0,,0.0,0.0,0.0,0.0,0.0,0.0,,103,0,0,10,,0,,,
DOTUSDT,0,0,none,,0,,0.0,0.0,0.0,0.0,0.0,0.0,,60,0,0,10,,0,,,
LDOUSDT,0,0,none,,0,,0.0,0.0,0.0,0.0,0.0,0.0,,70,0,0,10,,0,,,
BCHUSDT,0,0,none,,0,,0.0,0.0,0.0,0.0,0.0,0.0,,60,1,0,10,,0,,,
FILUSDT,0,0,none,,0,,0.0,0.0,0.0,0.0,0.0,0.0,,63,0,0,10,,0,,,
KOMAUSDT,0,0,none,,0,,0.0,0.0,0.0,0.0,0.0,0.0,,96,1,1,10,,0,,,
KAITOUSDT,0,0,none,,0,,0.0,0.0,0.0,0.0,0.0,0.0,,118,0,0,10,,0,,,
EPICUSDT,0,30,none,,0,,0.0,0.0,29.8,0.0,0.0,0.0,,127,1,1,10,,0,,,
1000SHIBUSDT,0,0,none,,0,,0.0,0.0,0.0,0.0,0.0,0.0,,47,2,1,10,,0,,,
FETUSDT,0,0,none,,0,,0.0,0.0,0.0,0.0,0.0,0.0,,77,0,0,10,,0,,,
EULUSDT,0,0,none,,0,,0.0,0.0,0.0,0.0,0.0,0.0,,65,4,3,3,,0,,,
TUTUSDT,0,0,none,,0,,0.0,0.0,0.0,0.0,0.0,0.0,,98,0,0,10,,0,,,
DODOXUSDT,1,46,flow_fuel,умеренный,2,дни,0.0,0.0,0.0,0.0,40.8,0.0,0.019992833333333335,118,3,3,10,,0,,,
MMTUSDT,0,0,none,,0,,0.0,0.0,0.0,0.0,0.0,0.0,,57,1,1,3,,0,,,
PENGUUSDT,0,0,none,,0,,0.0,0.0,0.0,0.0,0.0,0.0,,77,1,0,10,,0,,,
LITUSDT,0,0,none,,0,,0.0,0.0,0.0,0.0,0.0,0.0,,34,0,0,3,,0,,,
VANRYUSDT,0,0,none,,0,,0.0,0.0,0.0,0.0,0.0,0.0,,96,1,0,10,,0,,,
INJUSDT,0,0,none,,0,,0.0,0.0,0.0,0.0,0.0,0.0,,66,0,0,10,,0,,,
TRUMPUSDT,0,0,none,,0,,0.0,0.0,0.0,0.0,0.0,0.0,,82,0,0,10,,0,,,
TAKEUSDT,0,34,none,,0,,0.0,0.0,0.0,0.0,34.0,0.0,,68,2,1,3,,0,,,
XMRUSDT,0,31,none,,0,,0.0,0.0,0.0,0.0,30.6,0.0,,106,2,2,10,,0,,,
LLYUSDT,0,0,none,,0,,0.0,0.0,0.0,0.0,0.0,0.0,,4,2,0,1,,0,,,
BIOUSDT,0,0,none,,0,,0.0,0.0,0.0,0.0,0.0,0.0,,109,0,0,10,,0,,,
FARTCOINUSDT,0,0,none,,0,,0.0,0.0,0.0,0.0,0.0,0.0,,36,0,0,10,,0,,,
ZAMAUSDT,0,0,none,,0,,0.0,0.0,0.0,0.0,0.0,0.0,,39,2,0,3,,0,,,
WLFIUSDT,0,0,none,,0,,0.0,0.0,0.0,0.0,0.0,0.0,,31,1,1,10,,0,,,
ALLOUSDT,0,0,none,,0,,0.0,0.0,0.0,0.0,0.0,0.0,,63,0,0,3,,0,,,
VELVETUSDT,0,21,none,,0,,0.0,0.0,20.6,0.0,0.0,0.0,,109,1,1,10,,0,,,
RIFUSDT,0,0,none,,0,,0.0,0.0,0.0,0.0,0.0,0.0,,129,1,1,10,,0,,,
ETCUSDT,0,0,none,,0,,0.0,0.0,0.0,0.0,0.0,0.0,,66,1,0,10,,0,,,
APTUSDT,0,0,none,,0,,0.0,0.0,0.0,0.0,0.0,0.0,,74,0,0,10,,0,,,
BIRBUSDT,0,0,none,,0,,0.0,0.0,0.0,0.0,0.0,0.0,,26,0,0,3,,0,,,
PTBUSDT,1,55,flow_fuel,умеренный,2,дни,0.0,0.0,0.0,0.0,51.0,0.0,0.0007852833333333333,77,1,1,0,,0,,,
ACXUSDT,0,0,none,,0,,0.0,0.0,0.0,0.0,0.0,0.0,,87,4,4,10,,0,,,
ALABUSDT,0,0,none,,0,,0.0,0.0,0.0,0.0,0.0,0.0,,,0,0,,,0,,,
1000BONKUSDT,0,0,none,,0,,0.0,0.0,0.0,0.0,0.0,0.0,,76,2,1,10,,0,,,
OPUSDT,0,0,none,,0,,0.0,0.0,0.0,0.0,0.0,0.0,,55,0,0,10,,0,,,
USUSDT,0,0,none,,0,,0.0,0.0,0.0,0.0,0.0,0.0,,62,0,0,3,,0,,,
ETHFIUSDT,0,0,none,,0,,0.0,0.0,0.0,0.0,0.0,0.0,,70,1,1,10,,0,,,
REUSDT,0,0,none,,0,,0.0,0.0,0.0,0.0,0.0,0.0,,,0,0,,,0,,,
VVVUSDT,0,0,none,,0,,0.0,0.0,0.0,0.0,0.0,0.0,,132,0,0,10,,0,,,
HBARUSDT,0,0,none,,0,,0.0,0.0,0.0,0.0,0.0,0.0,,60,1,0,10,,0,,,
XPLUSDT,0,0,none,,0,,0.0,0.0,0.0,0.0,0.0,0.0,,37,0,0,10,,0,,,
TLMUSDT,0,0,none,,0,,0.0,0.0,0.0,0.0,0.0,0.0,,129,2,2,10,,0,,,
ARBUSDT,0,0,none,,0,,0.0,0.0,0.0,0.0,0.0,0.0,,64,0,0,10,,0,,,
COHRUSDT,0,0,none,,0,,0.0,0.0,0.0,0.0,0.0,0.0,,1,0,0,1,,0,,,
ASTERUSDT,0,0,none,,0,,0.0,0.0,0.0,0.0,0.0,0.0,,32,2,1,3,,0,,,
ACEUSDT,0,0,none,,0,,0.0,0.0,0.0,0.0,0.0,0.0,,130,2,2,10,,0,,,
ICPUSDT,0,0,none,,0,,0.0,0.0,0.0,0.0,0.0,0.0,,98,0,0,10,,0,,,
币安人生USDT,0,0,none,,0,,0.0,0.0,0.0,0.0,0.0,0.0,,55,0,0,3,,0,,,
AIOUSDT,0,0,none,,0,,0.0,0.0,0.0,0.0,0.0,0.0,,84,1,0,10,,0,,,
VIRTUALUSDT,0,0,none,,0,,0.0,0.0,0.0,0.0,0.0,0.0,,72,2,1,10,,0,,,
ALGOUSDT,0,0,none,,0,,0.0,0.0,0.0,0.0,0.0,0.0,,56,1,0,10,,0,,,
ATOMUSDT,0,0,none,,0,,0.0,0.0,0.0,0.0,0.0,0.0,,55,1,0,10,,0,,,
WIFUSDT,0,0,none,,0,,0.0,0.0,0.0,0.0,0.0,0.0,,50,0,0,10,,0,,,
PENDLEUSDT,0,0,none,,0,,0.0,0.0,0.0,0.0,0.0,0.0,,62,0,0,10,,0,,,
RENDERUSDT,0,0,none,,0,,0.0,0.0,0.0,0.0,0.0,0.0,,70,0,0,10,,0,,,
KITEUSDT,0,0,none,,0,,0.0,0.0,0.0,0.0,0.0,0.0,,52,0,0,3,,0,,,
ORDIUSDT,0,0,none,,0,,0.0,0.0,0.0,0.0,0.0,0.0,,74,1,1,10,,0,,,
CAPUSDT,0,0,none,,0,,0.0,0.0,0.0,0.0,0.0,0.0,,,0,0,,,0,,,
ZROUSDT,0,0,none,,0,,0.0,0.0,0.0,0.0,0.0,0.0,,87,0,0,10,,0,,,
TIAUSDT,0,0,none,,0,,0.0,0.0,0.0,0.0,0.0,0.0,,62,0,0,10,,0,,,
DASHUSDT,0,0,none,,0,,0.0,0.0,0.0,0.0,0.0,0.0,,119,0,0,10,,0,,,
EVAAUSDT,0,0,none,,0,,0.0,0.0,0.0,0.0,0.0,0.0,,74,0,0,3,,0,,,
NOMUSDT,0,0,none,,0,,0.0,0.0,0.0,0.0,0.0,0.0,,72,0,0,3,,0,,,
STOUSDT,0,0,none,,0,,0.0,0.0,0.0,0.0,0.0,0.0,,109,0,0,10,,0,,,
SAHARAUSDT,0,0,none,,0,,0.0,0.0,0.0,0.0,0.0,0.0,,82,0,0,10,,0,,,
HYPERUSDT,0,0,none,,0,,0.0,0.0,0.0,0.0,0.0,0.0,,95,1,1,10,,0,,,
GIGADEVUSDT,0,0,none,,0,,0.0,0.0,0.0,0.0,0.0,0.0,,,0,0,,,0,,,
AEROUSDT,0,0,none,,0,,0.0,0.0,0.0,0.0,0.0,0.0,,95,0,0,10,,0,,,
XPDUSDT,0,0,none,,0,,0.0,0.0,0.0,0.0,0.0,0.0,,5,0,0,3,,0,,,
ZBTUSDT,0,0,none,,0,,0.0,0.0,0.0,0.0,0.0,0.0,,57,0,0,3,,0,,,
HMSTRUSDT,0,0,none,,0,,0.0,0.0,0.0,0.0,0.0,0.0,,119,0,0,10,,0,,,
JTOUSDT,0,0,none,,0,,0.0,0.0,0.0,0.0,0.0,0.0,,109,0,0,10,,0,,,
MIRAUSDT,0,0,none,,0,,0.0,0.0,0.0,0.0,0.0,0.0,,66,2,1,3,,0,,,
BSBUSDT,0,0,none,,0,,0.0,0.0,0.0,0.0,0.0,0.0,,20,0,0,3,,0,,,
SLXUSDT,0,0,none,,0,,0.0,0.0,0.0,0.0,0.0,0.0,,4,0,0,1,,0,,,
ICNTUSDT,0,0,none,,0,,0.0,0.0,0.0,0.0,0.0,0.0,,79,1,1,10,,0,,,
BSPUSDT,0,0,none,,0,,0.0,0.0,0.0,0.0,0.0,0.0,,,0,0,,,0,,,
RESOLVUSDT,0,0,none,,0,,0.0,0.0,0.0,0.0,0.0,0.0,,83,0,0,10,,0,,,
BASEDUSDT,0,0,none,,0,,0.0,0.0,0.0,0.0,0.0,0.0,,12,0,0,3,,0,,,
GWEIUSDT,0,0,none,,0,,0.0,0.0,0.0,0.0,0.0,0.0,,35,0,0,3,,0,,,
PIPPINUSDT,0,0,none,,0,,0.0,0.0,0.0,0.0,0.0,0.0,,121,0,0,10,,0,,,
ACTUSDT,0,0,none,,0,,0.0,0.0,0.0,0.0,0.0,0.0,,89,3,3,10,,0,,,
STRKUSDT,0,0,none,,0,,0.0,0.0,0.0,0.0,0.0,0.0,,94,0,0,10,,0,,,
LAUSDT,0,0,none,,0,,0.0,0.0,0.0,0.0,0.0,0.0,,103,1,1,10,,0,,,
龙虾USDT,0,0,none,,0,,0.0,0.0,0.0,0.0,0.0,0.0,,19,0,0,3,,0,,,
CCUSDT,0,0,none,,0,,0.0,0.0,0.0,0.0,0.0,0.0,,42,0,0,3,,0,,,
GALAUSDT,0,0,none,,0,,0.0,0.0,0.0,0.0,0.0,0.0,,51,0,0,10,,0,,,
IDOLUSDT,0,0,none,,0,,0.0,0.0,0.0,0.0,0.0,0.0,,100,1,1,10,,0,,,
INXUSDT,0,0,none,,0,,0.0,0.0,0.0,0.0,0.0,0.0,,26,1,1,3,,0,,,
CRVUSDT,0,0,none,,0,,0.0,0.0,0.0,0.0,0.0,0.0,,42,1,0,10,,0,,,
AXSUSDT,0,0,none,,0,,0.0,0.0,0.0,0.0,0.0,0.0,,87,0,0,10,,0,,,
MYXUSDT,0,0,none,,0,,0.0,0.0,0.0,0.0,0.0,0.0,,83,0,0,10,,0,,,
SIRENUSDT,0,0,none,,0,,0.0,0.0,0.0,0.0,0.0,0.0,,137,0,0,10,,0,,,
JUPUSDT,0,0,none,,0,,0.0,0.0,0.0,0.0,0.0,0.0,,58,0,0,10,,0,,,
SIGNUSDT,0,0,none,,0,,0.0,0.0,0.0,0.0,0.0,0.0,,98,0,0,10,,0,,,
CHZUSDT,0,0,none,,0,,0.0,0.0,0.0,0.0,0.0,0.0,,96,0,0,10,,0,,,
ESPUSDT,0,0,none,,0,,0.0,0.0,0.0,0.0,0.0,0.0,,29,2,1,3,,0,,,
NILUSDT,0,0,none,,0,,0.0,0.0,0.0,0.0,0.0,0.0,,118,0,0,10,,0,,,
POLUSDT,0,0,none,,0,,0.0,0.0,0.0,0.0,0.0,0.0,,59,0,0,10,,0,,,
BABYUSDT,0,0,none,,0,,0.0,0.0,0.0,0.0,0.0,0.0,,103,1,0,10,,0,,,
EIGENUSDT,0,0,none,,0,,0.0,0.0,0.0,0.0,0.0,0.0,,70,0,0,10,,0,,,
APPUSDT,0,0,none,,0,,0.0,0.0,0.0,0.0,0.0,0.0,,,0,0,,,0,,,
JCTUSDT,0,35,none,,0,,0.0,0.0,0.0,0.0,34.7,0.0,,63,1,1,3,,0,,,
ROBOUSDT,0,0,none,,0,,0.0,0.0,0.0,0.0,0.0,0.0,,10,0,0,3,,0,,,
ERAUSDT,0,26,none,,0,,0.0,0.0,25.7,0.0,0.0,0.0,,76,3,2,10,,0,,,
SEIUSDT,0,0,none,,0,,0.0,0.0,0.0,0.0,0.0,0.0,,60,0,0,10,,0,,,
USELESSUSDT,0,0,none,,0,,0.0,0.0,0.0,0.0,0.0,0.0,,56,0,0,10,,0,,,
BULLAUSDT,0,0,none,,0,,0.0,0.0,0.0,0.0,0.0,0.0,,116,1,1,10,,0,,,
AMATUSDT,0,0,none,,0,,0.0,0.0,0.0,0.0,0.0,0.0,,,0,0,,,0,,,
PROMUSDT,1,55,flow_fuel,умеренный,2,дни,0.0,0.0,0.0,0.0,51.0,0.0,1.7974999999999999,128,2,1,10,,0,,,
ASTSUSDT,0,0,none,,0,,0.0,0.0,0.0,0.0,0.0,0.0,,1,0,0,1,,0,,,
